"id","name","mfl_code","county","registration_number","sub_county","ward","lat","lon"
"4159c803-0dc3-4bc1-9693-7d5c8b78ae35","BHESP MOWLEM DICE CLINIC",22863,"Nairobi","None","Embakasi West","Mowlem",36.90199,-1.2575
"6a140d2e-b0c6-4fab-968d-1539c6a0aa50","Bissil Health Centre",14259,"Kajiado","None","Kajiado Central","Matapato North",36.79429,-2.08564
"0858d7e3-361c-4246-ab8d-1efc280793a1","Bridging Out-Patient",19405,"Nairobi","None","Roysambu","Kahawa West",36.90333,-1.1842
"9e0ea5ef-6ee0-4f05-8f50-6d207866835a","Clinix Health Care",23886,"Nairobi","001405","Starehe","Nairobi Central",36.8210113,-1.2908371
"de9cf944-f605-4596-9492-15c56ec2eb94","Dr Maina Ruga Medical Clinic",20106,"Nairobi","None","Starehe","Ngara",36.83143,-1.27461
"23700145-71ff-4445-9556-fff0ffd9d764","Dr.Charles.J.R.Opondo (landmark plaza)",20393,"Nairobi","None","Dagoretti North","Kilimani",36.80531,-1.29477
"e4dd8b5f-e85d-4187-8ab1-fe64d7bddad4","Embulbul Catholic Dispensary",14445,"Kajiado","None","Kajiado North","Oloolua",36.681826,-1.339507
"f55f4843-0954-4c32-a12d-e51972280ac0","Entarara Health Centre",14467,"Kajiado","None","Loitokitok","Rombo",37.62565,-2.9954
"7233f479-2461-4773-b846-0f3f8f656a05","Ewuaso Kedong Health Centre",14486,"Kajiado","None","Kajiado West","Ewuaso Oo Nkidong'i",36.49992,-1.1532
"f4f580a8-3abe-441b-9ba6-d37396f31005","Family Life Promotions and Services",12941,"Nairobi","None","Makadara","Maringo/Hamza",36.8618554,-1.2915515
"1aabd57c-32f8-4008-adc4-0e4ab00f009f","Farmers choice wellness centre clinic",20078,"Nairobi","None","Roysambu","Kahawa",36.9101,-1.18628
"a98a916b-3fa3-41ad-83e9-062f62a4ca82","Gertrudes Childrens Hospital",12950,"Nairobi","None","Westlands","Karura",36.831973,-1.25546
"9384bbe9-40be-4ad0-867b-16e1ecfeb6a9","Guru Nanak Hospital",12965,"Nairobi","None","Starehe","Ngara",36.8212,-1.26985
"489c0950-5be5-42d1-bcff-4d575fd5e304","Hoymas VCT (Nairobi)",20063,"Nairobi","None","Starehe","Pangani",36.83671,-1.26498
"69e0fecf-2579-4694-a378-fedd67c293fd","Eagle Health Care Solution",21146,"Nairobi","None","Westlands","Kangemi",36.74867,-1.26663
"5b127f63-ed61-422a-9205-1074f7f27b02","Biafra Lions Clinic",12883,"Nairobi","None","Kamukunji","Eastleigh South",36.8485,-1.28234
"e4b72f2d-942e-4f49-8885-6812c2ee6b7c","Brother Andre Medial Centre",12887,"Nairobi","None","Embakasi North","Dandora Area Iv",36.9017366,-1.2456426
"a39db9aa-b1ee-4a0c-987d-c2bcfcf187f4","Dandora II Health Centre",12912,"Nairobi","None","Embakasi North","Dandora Area I",36.88775,-1.25761
"cfa085a3-60f4-4fab-a97f-da0041b3db7f","Fremo Medical Centre",18612,"Nairobi","None","Dagoretti South","Riruta",36.74428,-1.28993
"999cae35-ad1f-4625-8ac5-925364f0c3fc","Diwopa Health Centre",12917,"Nairobi","None","Embakasi Central","Kayole Central",36.91425,-1.26945
"95b5e8de-d3b1-416a-ac48-04ff1f51996c","Huruma Maternity Hospital",12975,"Nairobi","None","Mathare","Huruma",0,0
"f51a71d0-98ad-4f37-9cce-1eb82d56ac01","Immurtot Health Centre",14573,"Kajiado","None","Loitokitok","Entonet/Lenkism",37.40271,-2.87405
"ef814205-1b2b-4681-85ec-8017598829a5","Isinet Health Centre",14581,"Kajiado","None","Loitokitok","Imbrikani/Eselelnkei",37.5041,-2.74121
"f68686a2-5918-46ba-aa19-ae019088ff37","Isinya Health Centre",14582,"Kajiado","None","Kajiado East","Kaputiei North",36.85117,-1.68803
"f59d4da9-d297-4a3c-90c7-f4c9f6f80493","Kajiado County Referral Hospital",14652,"Kajiado","None","Kajiado Central","Ildamat",36.77214,-1.85775
"5f31a00a-4ac8-4487-823d-c677fb8891eb","Kasarani Maternity",13011,"Nairobi","None","Kasarani","Clay City",36.9046,-1.22429
"701d68f8-66fd-4baa-a810-6bcfa698f804","Kitengela Medical Services",14951,"Kajiado","None","Kajiado East","Kitengela",36.9633,-1.47115
"a8f6a991-b76c-4a92-a8d7-19208542e508","Kitengela Medical Services Kajiado",18976,"Kajiado","None","Kajiado Central","Ildamat",36.79222,-1.838835
"caf5cd01-e3fd-4480-8ca4-9eb6555bd7e4","Komarock Medical Clinic",13038,"Nairobi","None","Embakasi Central","Komarock",0,0
"8a34b6bd-b9d8-4b5b-8773-60a536a4ce51","Loitokitok Sub County Hospital",15051,"Kajiado","None","Loitokitok","Kuku",37.50484,-2.9243
"06ed5e3b-ad53-41aa-af27-de925fd50bdc","Magadi Hospital",15107,"Kajiado","None","Kajiado West","Magadi",36.28629,-1.90267
"d2552c79-709d-4072-b15a-576b0c4825fa","Kariobangi South Clinic",17434,"Nairobi","None","Embakasi West","Kariobangi South",36.88294,-1.26826
"82bee6c6-bae8-404f-b62e-34c4ffc07f7a","Kasarani Health Centre",13010,"Nairobi","None","Kasarani","Kasarani",36.90139,-1.21821
"49489d42-165e-4e21-89a4-ba3c8c5e831d","Kayole II Sub-District Hospital",13016,"Nairobi","None","Embakasi Central","Kayole South",36.91668,-1.26649
"cae8bb2f-7525-467b-aa23-ff074d7cb811","Makadara Health Centre",13056,"Nairobi","48853","Makadara","Maringo/Hamza",0,0
"7fade6b5-ac14-4419-8883-ec69fb19f2a3","Lunga Lunga Health Centre",13053,"Nairobi","None","Makadara","Viwandani",36.8677782,-1.3066911
"e8fea890-da61-49ca-bfe2-29ec5a0c0325","Jericho Health Centre",12988,"Nairobi","None","Makadara","Harambee",0,0
"e024556a-05c5-403e-8da9-927e47f547ca","Korogocho Health Centre",18895,"Nairobi","None","Ruaraka","Korogocho",0,0
"e7a02ccd-a1ef-46df-b96d-7dfe6b90e528","Kayole Hospital",13014,"Nairobi","None","Embakasi Central","Kayole Central",36.91825,-1.27015
"46543e66-4162-405f-834b-45b9cd0d4faa","Kahawa West Health Centre",12997,"Nairobi","None","Roysambu","Kahawa",36.91278,-1.18716
"44cca175-0662-4467-b5c1-1124ffdcd4b6","Mashuru Health Centre",15150,"Kajiado","None","Kajiado East","Imaroro",37.12928,-2.10442
"440e0435-77c5-41d5-9285-83b4eb9bf6a8","Medanta Africare",19482,"Nairobi","None","Dagoretti North","Kileleshwa",36.76482,-1.28965
"9dbd3e01-2b04-44a6-a17f-a8841c5eaab5","Meridian Medical Centre (Capital Centre)",18591,"Nairobi","None","Langata","South C",0,0
"d8d156b6-eb09-4aba-adfa-4cf7fc7b7c73","Meridian Medical Centre (Kileleshwa)",19546,"Nairobi","None","Dagoretti North","Kileleshwa",36.80263,-1.26425
"8d65cbfc-28ea-4d47-b98f-ea0f829d15e5","Mile 46 Health Centre",15185,"Kajiado","None","Kajiado West","Iloodokilani",36.5882,-1.89661
"4b7b308b-9d65-4d53-9711-8f081337100a","Nairobi West Hospital",13115,"Nairobi","None","Langata","Nairobi West",36.82576,-1.30684
"765f0f04-4b63-4e8e-81c1-e40b206fc17a","Nairobi Women Hospital Ongata Rongai",18195,"Kajiado","None","Kajiado North","Nkaimurunya",36.74622,-1.39603
"ccc990c8-9719-4037-ab13-4749e88dadd6","Nairobi Women's Hospital Kitengela",21283,"Kajiado","None","Kajiado East","Kitengela",36.953,-1.48826
"0b380ebb-7528-4fe1-a2c0-c8467410cb2b","Namanga Health Centre",15294,"Kajiado","None","Kajiado Central","Matapato South",36.78729,-2.54315
"5ea4e12f-38eb-487e-a732-43d0f5c1201a","Nkama Dispensary",15361,"Kajiado","None","Loitokitok","Kuku",37.55075,-2.94072
"8c8a7dde-571b-4c86-84b6-88d6bfccb112","Ololua Dispensary",17799,"Kajiado","None","Kajiado North","Oloolua",36.674235,-1.3697653
"fb374fef-2745-4a66-939c-80336a27cbd7","Ongata Rongai Sub County Hospital",15440,"Kajiado","None","Kajiado North","Nkaimurunya",36.74725,-1.38975
"89184df6-8517-4b56-a743-a8383881b15b","Premium Health Services",18744,"Nairobi","None","Embakasi North","Kariobangi North",36.87917,-1.25852
"b6e05b30-d326-4b16-b943-3bfa9a0b11d9","Prudent Medical Clinic Kariobangi",18001,"Nairobi","None","Embakasi Central","Komarock",0,0
"ea9eee3b-a627-4bb0-9fc5-59b84439187e","Ngaira Rhodes Dispensary",13121,"Nairobi","None","Starehe","Landimawe",36.82377,-1.29216
"1a42621f-aa32-429a-ba00-2be56dcd792f","Mukuru Health Centre",18463,"Nairobi","None","Embakasi South","Imara Daima",36.87662,-1.33496
"083e03ec-c455-40fc-9a64-257aac33dada","Ngong Road Dispensary",13123,"Nairobi","None","Kibra","Woodley/Kenyatta Golf Course",36.7587,-1.29896
"d40833ec-6c79-400c-94f0-b12a358a9b4f","Meridian Equator Hospital",13109,"Nairobi","None","Langata","Nairobi West",36.82421,-1.30801
"3abcce5d-a8bd-48c7-ba22-3455c5ace51f","Metropolitan Hospital Nairobi",13090,"Nairobi","None","Makadara","Harambee",36.87493,-1.28791
"d7ee8361-a854-4bb8-b1de-97311744aee2","Mbagathi Hospital",13080,"Nairobi",NULL,NULL,NULL,36.80317,-1.30793
"9d456a12-3888-41f0-b32b-7f7d58979cf1","Shompole Health Centre",15560,"Kajiado","None","Kajiado West","Magadi",36.11861,-2.09331
"56199690-44a8-40ec-b47f-6ef33bb85985","Simba Health Centre",15574,"Kajiado","None","Kajiado East","Kenyawa-poka",37.59477,-2.15929
"3015bec5-27fa-4e5a-9b43-bf6c9f11060f","St Francis Community Hospital (Kasarani)",17943,"Nairobi","None","Kasarani","Kasarani",36.9140748,-1.2252315
"0e550464-88c9-47f8-8262-4d4bb718e478","St Patrick Health Care Centre",13222,"Nairobi","None","Embakasi Central","Kayole North",36.91829,-1.26742
"347d7b68-d203-42a9-9db1-12e29bafbfb1","Sucos Hospital",14204,"Kajiado","None","Kajiado East","Kaputiei North",36.96562,-1.48281
"f757f701-e7ab-4ab2-a2c0-311c09a0b40a","The Karen Hospital",13004,"Nairobi","None","Langata","Karen",36.72589,-1.33687
"e63f26dd-0e2f-43e5-a313-b6fcf65700f0","Tropical Medical Clinic",17767,"Kajiado","None","Loitokitok","Kuku",37.50921,-2.92623
"0ed87af8-6066-4dce-b4d7-161dad29a3a1","Tumaini Clinic",15748,"Kajiado","None","Loitokitok","Rombo",37.69739,-3.04752
"77fda496-4204-4a48-9891-0e76c751d0cc","Urafiki Medical Clinic",18142,"Kajiado","None","Kajiado East","Kaputiei North",36.90083,-1.61452
"8e683a33-06c6-47b1-af2e-715dbe590c0a","Wama Nursing Home",15767,"Kajiado","None","Kajiado North","Ongata Rongai",36.762119,-1.3964983
"e6676599-8c23-42b6-9aba-7a8413b5ae8a","Wanainchi Jamii Materinty and Nursing Home",15770,"Kajiado","None","Kajiado North","Nkaimurunya",36.74899,-1.39602
"8fbe220a-a76b-4aa5-a0a7-c57284041a91","Radiant Pangani Hospital",13158,"Nairobi","None","Starehe","Pangani",36.8393,-1.26979
"45a433f0-d29b-493d-b645-437f541db6e1","Special Treatment Clinic",13193,"Nairobi","None","Starehe","Nairobi Central",36.83137,-1.27457
"e7d55e69-2f6d-4733-b75b-680a49851257","Lagos Road Dispensary",13039,"Nairobi","None","Starehe","Nairobi Central",36.82443,-1.28198
"2527e31c-850b-403a-aebb-496c273c0eb7","Westlands Health Centre",13258,"Nairobi","None","Westlands","Parklands/Highridge",0,0
"c94ac7ec-73d8-4113-b6e9-46f7c6212b6f","Samaritan Medical Services (Dandora)",13176,"Nairobi","None","Embakasi North","Dandora Area Iv",36.912,-1.24241
"cc25ea70-ac86-470d-8a32-5db4ffebed68","Thika Road Health Services Ltd (Kasarani)",17950,"Nairobi","None","Kasarani","Kasarani",36.88656,-1.2242004
"a3e05cea-9fad-4ce0-8b4a-f43ba6bda09a","St Mary's Mission Hospital",13218,"Nairobi","None","Langata","Mugumo-ini",36.77411,-1.32193
"a6e5731a-1dc7-47d4-b4d9-88e4d795ec55","St John Hospital",13205,"Nairobi","None","Roysambu","Githurai",36.9038,-1.20244
"4f443ed0-82d4-4819-8300-1672974c23e4","St Joseph Mukasa Dispensary",13208,"Nairobi","None","Roysambu","Kahawa West",36.90694,-1.1784
"01b38cfa-5c86-438f-ae15-43f6fd3478ed","Zam Zam Medical Services",15787,"Kajiado","None","Kajiado North","Ngong",36.65633,-1.36383
"a740b0d7-d444-4fa3-8384-f831c8f3b9c2","Redemeed Health Centre",13160,"Nairobi","None","Ruaraka","Babandogo",36.88508,-1.24425
"a4c9a5e2-7c32-41bb-a263-0189f2e5f996","Babadogo Medical Health Centre",12877,"Nairobi","None","Ruaraka","Babandogo",36.8864,-1.23916
"7c58d5d6-56ee-4e43-8204-f784ae0af56d","St Philips Health Centre",13224,"Nairobi","None","Embakasi North","Kariobangi North",0,0
"d8feae9c-805b-4d7c-94c5-ad5e28974450","Babadogo Health Centre",12876,"Nairobi","None","Ruaraka","Babandogo",36.88416,-1.2441
"69a646e3-52e7-4b64-9759-a821f155fc44","Ngumba Medical Centre",19236,"Nairobi","None","Ruaraka","Babandogo",0,0
"e353670a-7454-47d2-93de-b0ea96495636","Provide International Korogocho",13150,"Nairobi","None","Ruaraka","Korogocho",36.87151,-1.24976
"9337a55d-2149-4adb-833a-1701415a4ca1","Mariakani Cottage Hospital Ltd",13064,"Nairobi","None","Makadara","Harambee",0,0
"175002c1-8678-4d6e-8b27-750115d4cb8e","Ngara Health Centre (City Council of Nairobi)",13122,"Nairobi","None","Starehe","Ngara",36.83134,-1.27346
"92425858-563b-4530-a875-82d0a3844dfa","Loco Dispensary",13051,"Nairobi","None","Mathare","Hospital",0,0
"5b3e2222-c0cf-46f4-bca9-0157ea13305b","Kariokor Clinic",13007,"Nairobi","None","Starehe","Ziwani/Kariokor",36.83661,-1.2789
"03fd45ef-7815-4cfe-893b-baa644ee4258","Lad Nan Hospital",19316,"Nairobi","None","Starehe","Pangani",36.84082,-1.26986
"52d6f11b-bf14-4b2d-92a9-3857009d1dae","Mow Dispensary",13097,"Nairobi","None","Starehe","Landimawe",36.82742,-1.29362
"89ccf410-a534-40a1-acfb-7ce530717eb3","St Joseph W Dispensary (Westlands)",13209,"Nairobi","None","Westlands","Mountain View",36.7391,-1.27104
"de830e4e-dd36-45d0-aafb-479417a4f235","Githogoro Runda Baptist Clinic (Getrudes Nairobi)",18887,"Nairobi","None","Westlands","Karura",36.82214,-1.21602
"0f79e4ac-2e7a-49d9-b7db-67bec88db617","Karura Health Centre (Kiambu Rd)",13009,"Nairobi","None","Westlands","Karura",36.842936,-1.256241
"85a37e65-0df1-4469-93b4-44840a44f36e","Westlands Medical Centre",19494,"Nairobi","None","Westlands","Parklands/Highridge",36.80332,-1.26302
"19725d9c-3c62-4582-838e-087509db32af","Mji Wa Huruma Dispensary",13093,"Nairobi","None","Westlands","Karura",36.82727,-1.22685
"febf571d-a02f-4bf2-8c26-9bf3ede4567d","Sunbeam Medical Centre",18281,"Nairobi","None","Westlands","Kangemi",36.75034,-1.265889
"53d91fc3-e5cb-47dd-ba3e-affddecd252d","Lower Kabete Dispensary (Kabete)",13052,"Nairobi","None","Westlands","Kitisuru",36.74591,-1.24003
"8cc21412-c38a-4d33-8a72-10671d6637b5","Mountcare Medical Centre",13201,"Nairobi","None","Westlands","Mountain View",36.74297,-1.27167
"b6f862ce-6c0b-4b50-8d66-00a057620e73","Alice Nursing Home",12869,"Nairobi","None","Embakasi South","Kware",36.8865,-1.31699
"484a83af-68db-42b2-aea5-83f557f2a009","Andulus Medical Clinic",18770,"Nairobi","None","Kamukunji","Eastleigh North",36.84563,-1.27393
"456d4c4b-b040-48ba-9e00-8737a618e31d","Baldo Ippolita",24270,"Nairobi","None","Embakasi South","Kware",36.889433,-1.315666
"8f5bd75c-37ca-45f5-a316-96305a233607","Better Living Hospital",23385,"Nairobi","BN/2012/166499","Dagoretti North","Kilimani",36.8083583,-1.28944
"8b050f67-590e-43a0-b46f-ed0e38a4324a","Blessed Medicare Centre",21903,"Nairobi","None","Embakasi South","Kware",36.88943,-1.31566
"c1cc1412-9100-4632-b903-7b970b48a546","Arrow Web Maternity and Nursing Home",12872,"Nairobi","None","Embakasi Central","Kayole Central",36.9211,-1.26843
"dba8186a-cc3c-4b0a-a275-a63792045361","Blissgvs Health Care Pipeline",21050,"Nairobi","None","Embakasi East","Embakasi",36.90012,-1.32008
"941df4f6-2e7e-4f25-892a-bf26b8f261b1","Jamii Medical Clinic Mukuru",19446,"Nairobi","None","Embakasi South","Kwa Njenga",36.89086,-1.32614
"dbba88e1-9518-4535-baf2-6fe55f20dc62","Kabiro Medical Clinic",12995,"Nairobi","None","Dagoretti North","Kabiro",0,0
"66ebcb4c-ecfb-4535-8fa6-a27d3e00af24","Kibera South Health Centre",13030,"Nairobi","None","Langata","Mugumo-ini",36.789084,-1.315311
"171f54a7-4ab2-4bcb-b762-9a8dc490e687","Mercy Mission Health Centre",13089,"Nairobi","None","Dagoretti North","Kabiro",0,0
"2ff6d3c9-7272-4b83-a709-661afeb7e3b3","Pumwani Maternity Hospital",13156,"Nairobi","None","Kamukunji","Pumwani",36.84552,-1.28028
"63f765f9-f029-43a2-8303-9314114d8920","Pumwani Majengo Dispensary",13155,"Nairobi","None","Kamukunji","Pumwani",36.84461,-1.28527
"7110f4d4-c88e-4f08-96be-b064a6ddcccd","St Vincent Catholic Clinic",13230,"Nairobi","None","Kamukunji","Airbase",36.84884,-1.26696
"eba6b7cf-06f2-4f47-81a3-81e553d7bbd6","ACCESS AFYA KIAMBIU",23850,"Nairobi","None","Kamukunji","Eastleigh South",36.86344,-1.28221
"cda57c25-3612-430f-9a4a-5fc5e081c7d4","Alliance Medical Centre",17847,"Nairobi","None","Kamukunji","California",36.85035,-1.27943
"93757088-4150-43c4-b948-601d36e732ca","Riruta Health Centre",13165,"Nairobi","None","Dagoretti North","Kawangware",36.74052,-1.28405
"2f1eb7d6-63d8-405a-952a-055a6c65b659","St Barkita Dispensary Utawala",17723,"Nairobi","None","Embakasi East","Utawala",36.97533,-1.2776
"619ddb0d-04ad-4c26-ab04-2ea2220d096c","Bristal Park Hospital",18271,"Nairobi","None","Embakasi East","Embakasi",36.89455,-1.31319
"eaa68073-6313-4e3c-8c52-84acc4423b7d","Gynapaed Dispensary (Kilimani-)",12966,"Nairobi","None","Dagoretti North","Kilimani",0,0
"f33fe1ba-e4f0-45f0-9b97-50547677bdbd","APTC Health Centre",12871,"Nairobi","None","Embakasi East","Mihango",36.95676,-1.28724
"35007160-47ef-467d-9d10-6529389e1991","Muteithania Medical Clinic",13103,"Nairobi","None","Dagoretti North","Kabiro",0,0
"4748280d-a3cf-466c-9f7b-a9c167007200","Spacecare Health Centre & Maternity",13212,"Nairobi","007381","Dagoretti South","Riruta",36.7332954,-1.2880552
"fbede15c-5f3b-4b49-a39a-f4dacfd6dad6","Emmanuel Medical Centre",18893,"Nairobi","None","Embakasi East","Lower Savannah",36.89846,-1.27412
"b7e05e03-abbb-4aad-bfba-58e72a2202cb","Mid Hill Medical Clinic",13091,"Nairobi","None","Dagoretti South","Riruta",36.74813,-1.29159
"f40f93dc-8070-40c0-bb28-50948941880c","Dandora I Health Centre",12913,"Nairobi","None","Embakasi North","Dandora Area I",36.8838794,-1.2583561
"a5a5e568-535f-4e28-a566-78400e0af879","St Alice (EDARP) Dandora",18219,"Nairobi","None","Kasarani","Njiru",36.909489,-1.24776901
"c8f4ae47-cd11-4226-a2d9-c7a861d70eee","Jahmii Kipawa Medical Centre",12986,"Nairobi","None","Embakasi North","Kariobangi North",36.8823,-1.25236
"3562fba9-a57d-4ded-87fd-baa015436ae0","Wamunga Health Clinic",13251,"Nairobi","None","Embakasi North","Dandora Area I",36.88736,-1.26066
"1bac13f2-c804-4cad-b90a-b15e0dc2e9db","PCEA Pipeline Clinic",19700,"Nairobi","None","Embakasi South","Pipeline",36.88979,-1.29246
"4b8b7abd-3063-4bb3-89a9-ee345eb036c7","Imara Health Centre",17685,"Nairobi","None","Embakasi South","Imara Daima",36.88918,-1.32023
"eae91fad-62ba-4120-920a-8d58595d6872","Unity Maternity & Nursing Home",18334,"Nairobi","None","Embakasi West","Umoja II",36.89866,-1.28063
"28d511da-2422-4d79-9b6d-3a08aeca5c87","Dandora (EDARP) Clinic",12911,"Nairobi","None","Embakasi West","Mowlem",36.89614,-1.25734
"43ce1240-60da-41b4-b23c-a1aeb36efebb","Penda Medical Centre Umoja 2",20449,"Nairobi","None","Embakasi West","Umoja I",0,0
"362f6e36-b5cf-441a-a9c5-2e9de921f914","SOS Dispensary",13189,"Nairobi","None","Embakasi West","Kariobangi South",0,0
"e5a4d971-8d62-477d-b35e-fff08e61e499","Divine Mercy Kariobangi",18388,"Nairobi","None","Embakasi West","Kariobangi South",0,0
"19870a9b-e99e-4a6c-bf82-56232708c961","Dorkcare Nursing Home",12921,"Nairobi","None","Kamukunji","Eastleigh North",36.84933,-1.27146
"f7a9723d-8931-4e5b-9add-e244861113fa","Woodstreet Nursing Home",13260,"Nairobi","None","Kamukunji","Eastleigh North",36.847,-1.27085
"94a82ea6-bc52-4553-87ed-8bcd164b0a3d","Salama Nursing Home",13175,"Nairobi","None","Kamukunji","Airbase",36.85148,-1.27587
"335e75bf-0ad7-4505-9dda-9bb3eaa8de36","St Francis Com Hospital",13202,"Nairobi","None","Kasarani","Clay City",36.9046,-1.22429
"5a4df045-d0f6-4b33-96b7-eec7a045a5de","Mary Mission",17514,"Nairobi","None","Dagoretti South","Ngando",36.74939,-1.2968
"4c1bef45-bb39-4480-be88-db32df823ecf","EDARP Njiru Clinic",17548,"Nairobi","None","Kasarani","Njiru",36.93799,-1.25178
"95843a6f-1a46-4174-845f-3ce08f7b30ec","EDARP Ruai Clinic",13169,"Nairobi","None","Kasarani","Ruai",36.990982,-1.269202
"1fe4e32c-702d-431a-8b32-e92fb4cccf8d","Sam-link medical centre",20235,"Nairobi","None","Kasarani","Clay City",36.90329,-1.21722
"beb1ab2e-907f-4664-a739-e50ba135106f","Chonesus Clinic",19035,"Nairobi","None","Kibra","Lindi",36.79261,-1.31271
"d3b70783-0011-4f8f-a34f-fdfaf288ed77","Makina Community Clinic",20624,"Nairobi","None","Kibra","Makina",36.78255,-1.30706
"e84ac6ae-3e1c-418a-9944-53ddbf82c3bb","Revival Home Based Care Clinic",16168,"Nairobi","None","Langata","Mugumo-ini",36.7754,-1.31562
"3fd015fe-cfcd-4e3a-bf7d-8f1d53573489","Kings Cross Medical Clinic",19436,"Nairobi","None","Embakasi Central","Kayole Central",36.9165,-1.27666
"066671d4-6927-4f7f-bdab-ad01ec3f7b6d","Jinnah Ave Clinic",12990,"Nairobi","None","Langata","South C",36.82615,-1.31301
"2243c8cd-2726-4e36-827c-046be06cdaab","Maria Dominica Dispensary",13061,"Nairobi","None","Langata","Karen",36.72276,-1.35882
"7c62000f-1f36-49d5-9a9e-278b387f40c9","Cana Family Life Clinic",12889,"Nairobi","None","Makadara","Viwandani",36.88053,-1.30907
"9a2ba7fe-883a-4276-8872-4bd33f58b880","Penda Medical Care-Kahawa West",22946,"Nairobi","None","Roysambu","Kahawa West",36.894734,-1.176871
"2ca58f11-da6c-4605-b777-54ca2590d76f","St Mary's Health Centre",13217,"Nairobi","None","Ruaraka","Korogocho",36.8928,-1.24396
"9b36bc18-ad59-41db-b740-ab897cc4afa6","Mbotela Clinic",13081,"Nairobi","None","Makadara","Makongeni",36.86279,-1.29824
"cb257ca1-40bb-4291-8f65-6cc60160db31","Maringo Clinic",13069,"Nairobi","None","Makadara","Maringo/Hamza",36.88002,-1.28351
"b1463533-c70d-4d93-a404-ebf245abe176","Coptic Hospital (Ngong Road)",12905,"Nairobi","None","Dagoretti North","Kilimani",0,0
"a8f92559-98c0-418a-b095-d02d763d1aff","Hono Clinic",12969,"Nairobi","None","Makadara","Harambee",36.87106,-1.28675
"3dd6795e-bf4d-4e48-9fae-58a2e7d1d5bf","Jumuia Hospital Huruma",12972,"Nairobi","015977","Mathare","Kiamaiko",36.87488,-1.25988
"df1409ea-2ecf-4d02-8ef9-19bbc7cfea86","Wakibe Clinic",13250,"Nairobi","None","Kamukunji","Airbase",0,0
"2f60d420-a60a-431a-8868-6886ba1fb79a","Gitiri Community Dispensary",23767,"Muranga","None","Gatanga","Kariara",36.923905,-0.869225
"1610270b-aeeb-4b0b-88f6-3e0e6f610e46","Rombo Health Centre",15490,"Kajiado","None","Loitokitok","Rombo",37.69964,-3.05975
"31389317-6223-40a8-97ae-39bfb246adfc","Wema Nursing Home",13256,"Nairobi","None","Dagoretti North","Kabiro",0,0
"3ba5b1a5-cd1b-45e2-afcc-061fb28ef639","Amboseli Dispensary",14200,"Kajiado","None","Loitokitok","Entonet/Lenkism",37.3667,-2.74492
"5b37f9be-37a0-42a2-9660-3db18cb6a62b","Uzima Uhai Health Centre",22848,"Nairobi","None","Kasarani","Mwiki",36.930975,-1.23262835
"849edfeb-07e6-4683-b250-d0144844766f","Uzima White Medical Clinic",21856,"Nairobi","None","Mathare","Ngei",0,0
"0912e9f1-91f3-4b0d-92db-d3a9149e5241","Dr.K.Gicheru(Upper Hill Centre)",20397,"Nairobi","None","Dagoretti North","Kilimani",36.80651,-1.29472
"82018a63-cbd8-4db4-8966-cec2738dd5f1","Melchizedek Hospital Karen",20072,"Nairobi","None","Langata","Karen",36.71723,-1.32751
"8c8a0dde-f9f0-4db7-b27a-555d9f07e8a9","Meridian Medical centre(Nation Centre Bldg )",20104,"Nairobi","None","Starehe","Nairobi Central",36.82144,-1.28463
"f57b4ef9-6ed8-4a6f-95ea-2e524d70c326","Mwangaza ulio Na Tumaini clinic",20091,"Nairobi","None","Embakasi North","Dandora Area I",0,0
"bd9be484-8cba-4792-a397-0ba2c2aa00ef","Iran Medical Clinic (Ngara)",19421,"Nairobi","None","Starehe","Ngara",36.8322,-1.27378
"78289f47-ecb8-4d4d-916b-678e20ac5721","Focus Outreach Medical Mission",19539,"Nairobi","None","Westlands","Kitisuru",36.75078,-1.26372
"5a468554-8991-4d33-97d2-150744cf3c4c","Mafra Clinic",19512,"Nairobi","None","Westlands","Kangemi",36.75009,-1.26551
"647c52b2-6790-4d99-aca1-3c78a2ca90cb","Child Doctor Kenya",19504,"Nairobi","None","Kibra","Woodley/Kenyatta Golf Course",36.78908,-1.30233
"5e1bdd0c-0605-4717-b95b-c5572ad8087f","Access Afya",19467,"Nairobi","None","Starehe","Nairobi South",36.8427,-1.31085
"1c134c9d-c07a-4c60-a36b-6ce9cdfff747","Iom Wellness Clinic",19471,"Nairobi","None","Kamukunji","Airbase",36.85287,-1.27681
"342febd2-042b-495f-a793-99471afe71c2","Mwera Medical Clinic",19442,"Nairobi","None","Embakasi Central","Kayole Central",36.91046,-1.27555
"e84ed129-53eb-4f8a-a07f-a1e8fc1a3d0d","Mwatate Healthcare Centre",19454,"Nairobi","None","Langata","Mugumo-ini",0,0
"71538ee1-5f22-4d7d-a337-2bf678146874","Kariobangi EDARP",18743,"Nairobi","None","Embakasi North","Kariobangi North",36.87954,-1.259226
"3c817e88-967e-4aea-8a95-080dacfe9162","Al Amin Nursing Home",18769,"Nairobi","None","Kamukunji","Eastleigh North",36.84545,-1.27144
"8c5bcca0-142c-4cb4-9b41-75648a18e52a","Uthiru Muthua Health Centre",18628,"Nairobi","None","Dagoretti South","Uthiru/Ruthimitu",36.71831,-1.2687
"d520894a-d223-4515-9099-7c161c7882e1","Lengo Medical Clinic",18590,"Nairobi","None","Starehe","Landimawe",36.84676,-1.31189
"8ef687cb-6ca0-49a9-81b2-2d054d506ae8","Utawala Estate Health Centre",18464,"Nairobi","None","Embakasi East","Utawala",36.97437,-1.28893
"e3c7f41b-0bb2-4bd9-aa6b-3b2175f8d7dd","Ruaraka Uhai Neema Hospital",18485,"Nairobi","None","Ruaraka","Babandogo",0,0
"b8c208ea-8114-42c0-9f4a-c22b8357dfd1","Ruai Family Hospital LTD",18390,"Nairobi","None","Kasarani","Ruai",36.9995967,-1.2732517
"5b4778bc-14d7-42e5-8a8a-dfdcf9b953a2","Healthways Medical Centre",18278,"Nairobi","None","Langata","South C",36.82851,-1.31598
"2b072584-8bde-4e9c-80bf-5e8ace2525eb","St Paul's Hospital",18190,"Kajiado","None","Kajiado East","Kitengela",36.95421,-1.48654
"56cc780f-4b1d-4c78-a693-333e97870ead","Topcare Nursing Home",18189,"Kajiado","None","Kajiado East","Oloosirkon/Sholinke",36.95599,-1.4721
"1bf7681b-6781-44f2-af07-2495caf81756","South B Hospital Ltd",18005,"Nairobi","None","Starehe","Nairobi South",36.83669,-1.31225
"925220ea-6485-4640-a986-acd87b32ca05","Precious Life Medical Clinic Ruai",17996,"Nairobi","None","Kasarani","Ruai",36.9867254,-1.2657809
"d7eb19cd-d039-46cd-8974-03ac4e0dbda7","Mother Ippolata Mukuru Clinic",17724,"Machakos","None","Athi River","Muthwani",0,0
"e98a0371-afd9-4ef2-a2ce-42d6b35bddcf","Susamed Medical Clinic",17686,"Nairobi","None","Embakasi Central","Kayole North",36.924,-1.26349
"d660c215-d94c-4138-ab91-861497109919","St Raphael's Clinic",17683,"Nairobi","None","Embakasi East","Mihango",36.94896,-1.27078
"2f8b6976-9b89-4538-b0e2-f38bc335af69","EDARP Komarock Health Centre",17719,"Nairobi","None","Embakasi Central","Komarock",0,0
"3da5c14b-a87a-4258-bb18-6bf337b7cf35","Wema Medical Clinic",17394,"Nairobi","None","Kibra","Sarang'ombe",36.78169,-1.31444
"909519ae-1df2-4df8-a39d-5a3257259251","Nairobi Womens Hospital Adams",16795,"Nairobi","None","Dagoretti North","Kilimani",0,0
"dd2716c2-9d9e-428f-a310-c8604392db9c","Entasopia Health Centre",14469,"Kajiado","None","Kajiado West","Magadi",36.0535,-1.78378
"e0a41564-9119-49df-bcb4-b08e4610fa51","Fatima Health Centre (Lenkism)",14493,"Kajiado","None","Loitokitok","Entonet/Lenkism",37.21487,-2.39994
"2fffd6a2-42b0-48a1-97c8-42530f585009","Namelok Health Centre",15296,"Kajiado","None","Loitokitok","Kimana",37.45466,-2.7155
"881f3c58-b08b-44e4-8856-aabeca42ecda","Coptic Medical Clinic",12904,"Nairobi","None","Makadara","Viwandani",36.86298,-1.30837
"556251a2-88b5-4dd4-9237-c05ca9ff06c0","Mathari Hospital",13076,"Nairobi","None","Mathare","Hospital",36.84912,-1.26097
"31442db3-7d25-4cd6-a7ea-db09c80e5b70","Langata Health Centre (Mugumo-Ini)",13041,"Nairobi","None","Langata","Mugumo-ini",36.77983,-1.32054
"265bf7be-095f-4fe6-9680-e883eb1b251a","Aski Medical Clinic",12873,"Nairobi","None","Embakasi Central","Kayole North",36.92215,-1.26552
"a89e6452-c476-43be-bfa9-bf660e9bc942","Upendo Dispensary",13243,"Nairobi","None","Mathare","Hospital",36.8476,-1.26038
"7f98718e-f077-45c9-94d0-d9efb7be5906","Nairobi Womens Hospital (Hurlingham)",13117,"Nairobi","None","Dagoretti North","Kilimani",36.79631,-1.29391
"79e8221e-520e-472d-adf0-e9af5564b559","Shauri Moyo Baptist VCT Centre",13183,"Nairobi","None","Kamukunji","Pumwani",0,0
"7fb24f80-5561-4bb0-bc18-bf8f2cebcd7b","Mary Immaculate Clinic Mukuru",12982,"Nairobi","None","Langata","Mugumo-ini",0,0
"78e84483-1fe9-46a7-a49c-60654e3b7a92","Eastleigh Health Centre",12930,"Nairobi","None","Kamukunji","Airbase",36.85087,-1.27175
"d573878c-f537-4991-8b3d-12c27e0a6326","Kamiti Prison Hospital",13000,"Nairobi","None","Roysambu","Kahawa West",36.89343,-1.17611
"487d18c7-540e-4527-98a1-de2a84e8fc1e","Cidi Mukuru Clinic",12897,"Nairobi","None","Embakasi South","Kwa Njenga",36.89093,-1.31503
"1098a292-ef22-42bf-baff-ea10c104c6ab","Mercillin Afya Centre",13088,"Nairobi","None","Kibra","Lindi",36.7844,-1.31299
"47b08634-4546-4e10-bffe-56939c4e42f7","Marurui Dispensary",13071,"Nairobi","None","Roysambu","Roysambu",36.9038,-1.20244
"30ea3dbb-253c-4171-b737-f5998c158707","Njiru  Health Centre",13126,"Nairobi","None","Kasarani","Njiru",36.9391,-1.24703
"f568692e-925a-49e4-b610-927d5d3e606e","Ogwedhi Dispensary (Nairobi North)",13133,"Nairobi","None","Roysambu","Kahawa West",36.9099,-1.18157
"de3b08ab-49a3-4c22-ba06-fcd0ac2f2d59","Kenyatta University Dispensary",13024,"Nairobi","None","Roysambu","Kahawa",36.93497,-1.1784
"8d9d8d7e-814b-4c7f-8873-1760bc8271f7","Marura Nursing Home",13070,"Nairobi","None","Ruaraka","Mathare North",36.871,-1.24875
"d7b86aa6-1dd8-487b-9179-3dcd91106981","Jerusalem Clinic",12989,"Nairobi","None","Embakasi West","Kariobangi South",0,0
"7bfeeb3b-e8b7-4021-af32-eb2f6bba7c69","Makina Clinic",13058,"Nairobi","None","Kibra","Makina",36.78485,-1.30868
"958d956c-034a-4f35-8a42-124b23fd6c62","University of Nairobi Dispensary",13242,"Nairobi","None","Dagoretti North","Kilimani",36.80948,-1.279181
"ccf3c5c5-169b-48c6-bd65-5238d4f7e013","EDARP Soweto Health Centre",13191,"Nairobi","None","Embakasi East","Lower Savannah",0,0
"542b9608-6da8-4da8-9463-cb527100f1fc","Ushirika Medical Clinic",13245,"Nairobi","None","Kibra","Sarang'ombe",36.77276,-1.30777
"36d7ab22-d91a-49a8-b83a-4becbe957ee8","Huruma (EDARP)",12973,"Nairobi","None","Starehe","Nairobi South",0,0
"86307041-68a1-4c37-9ace-01c088f4f6fc","Conerstone Clinic",12903,"Nairobi","None","Kasarani","Njiru",36.91893,-1.24816
"b89ffb45-36df-4719-a104-31449ed90df1","Frepals Community Nursing Home",12944,"Nairobi","None","Kibra","Lindi",36.79314,-1.31166
"5dfc1242-4438-4244-84bb-3470b38aa0f9","Waithaka Health Centre",13249,"Nairobi","None","Dagoretti South","Waithaka",36.71516,-1.27885
"7cc183d1-36d9-4013-ae85-f6377db4dd32","Mary Immaculate Sisters Dispensary",13072,"Nairobi","None","Makadara","Maringo/Hamza",36.8574,-1.29206
"f558f727-449b-4942-b311-b18427424999","Reuben Mukuru Health Centre",13173,"Nairobi","None","Embakasi South","Kwa Reuben",36.86947,-1.31601
"30d62614-d764-4e3c-a49c-d591f7a42484","Saola Maternity and Nursing Home",13178,"Nairobi","None","Langata","Nyayo Highrise",0,0
"b9ed4e48-7cce-4367-8db8-b6b8ddf78e8b","Nairobi South Clinic",13113,"Nairobi","None","Starehe","Nairobi South",36.84255,-1.31688
"d33d5238-37c0-4d99-b2cd-defa01f79ffe","Ofafa I Clinic",13132,"Nairobi","None","Makadara","Maringo/Hamza",36.86623,-1.29587
"105e75c8-748f-4aa7-b143-d542498777d2","Nimoli Medical Centre",13125,"Nairobi","None","Kasarani","Kasarani",36.9046,-1.22429
"5aa5da2d-1ac6-4435-8860-13a0b6f378cf","Makadara Mercy Sisters Dispensary",13057,"Nairobi","None","Makadara","Maringo/Hamza",36.861,-1.29105
"2dace2d0-4531-448d-8846-e6190017df5d","Huruma Lions Dispensary",12974,"Nairobi","None","Mathare","Ngei",0,0
"d881b3a1-22b5-4453-8621-88b771953cb5","Provide Internatinal Clinic (Dandora)",13148,"Nairobi","None","Embakasi North","Dandora Area Iv",36.9098,-1.24064
"2f44aaff-3c48-491f-8a65-393e7bae255f","Mukuru Mmm Clinic",13101,"Nairobi","None","Embakasi South","Kwa Njenga",0,0
"b369c8da-709e-4785-8bc1-3a9e52d7cc97","Edna Maternity",12934,"Nairobi","None","Kamukunji","Eastleigh South",36.8595,-1.28053
"9b33e16d-fa8b-475c-a729-014d7df6548d","St Teresa's Parish Dispensary",13225,"Nairobi","None","Kamukunji","Eastleigh North",36.84822,-1.26826
"2dae6164-744e-4f1a-b792-4ecc0766c539","Mutuini Sub-District Hospital",13105,"Nairobi","None","Dagoretti South","Mutu-ini",0,0
"3d81e5c0-d488-445f-9ac1-3e4d0656b2c3","Mother & Child Hospital",13096,"Nairobi","None","Kamukunji","California",36.85072,-1.28175
"6e235760-aea3-4dd3-b4f7-51c21cb08de6","Tabitha Medical Clinic",13234,"Nairobi","None","Kibra","Sarang'ombe",0,0
"3c233d9c-0c8e-4742-b85c-7137ecef3761","Umoja Health Centre",13240,"Nairobi","None","Embakasi West","Umoja I",36.88758,-1.28223
"fd0a7243-8c69-4a3c-a6ac-4b1c9b81b271","St Peter Dispensary",13223,"Nairobi","None","Ruaraka","Babandogo",0,0
"670b2cd3-6b18-48f3-89fd-94ac604044d0","St Catherine's Health Centre",13200,"Nairobi","None","Dagoretti North","Kabiro",0,0
"c58f1a75-cdb2-4fb7-8100-d86ee7b56dfe","Victory Hospital",13247,"Nairobi","None","Embakasi West","Umoja I",36.8912,-1.28031
"939b36f3-95b0-4c3a-b53e-4270f87110fa","Nyina Wa Mumbi Dispensary",13129,"Nairobi","None","Dagoretti North","Kawangware",0,0
"5f1bbe21-b00a-428b-9856-420553d4fd96","Langata Women Prison Dispensary",13044,"Nairobi","None","Langata","Mugumo-ini",36.77658,-1.32279
"90ddeb2a-1376-4075-b7da-ecc038eb306d","Maria Immaculate Health Centre",13062,"Nairobi","None","Dagoretti North","Kileleshwa",36.764926,-1.289677
"a1bebe16-6140-4dbd-bfa3-e8309e71fa33","Round About Medical Dispensary",13167,"Nairobi","None","Roysambu","Githurai",36.9038,-1.20244
"c36a5d54-b3fa-4098-9ff7-c392e90e9eff","Ruaraka Clinic",13172,"Nairobi","None","Kasarani","Kasarani",0,0
"883deda1-cb05-4ed5-a2fb-ecc210ae73de","Ruai Health Centre",13171,"Nairobi","None","Kasarani","Ruai",36.9938428,-1.2564189
"f827bd23-a452-42a5-a1e5-e2f63cfa4c5f","Lianas Clinic Health Centre",13049,"Nairobi","None","Westlands","Kangemi",36.75228,-1.266197
"bdaab7d5-6629-459f-b144-0d525dec1665","Kaloleni Health Servics",12999,"Nairobi","None","Makadara","Makongeni",36.84623,-1.29553
"73e10ff5-bd73-4eaf-a53e-52a9b015be71","Kaloleni Dispensary",12998,"Nairobi","None","Makadara","Makongeni",36.84623,-1.29553
"fac45692-9466-4ab2-b0e2-538f1cf70ba9","Langata Hospital",13042,"Nairobi","None","Langata","Mugumo-ini",36.78919,-1.32785
"28944290-79f3-4a83-afb1-46e6467c150c","Pipeline Nursing Home",12978,"Nairobi","None","Embakasi South","Pipeline",36.8865,-1.31699
"fa7e5ec9-2788-426e-866f-0d7522bff47d","Patanisho Maternity and Nursing Home",12977,"Nairobi","None","Embakasi East","Lower Savannah",0,0
"2b6eb600-7154-4d48-9b40-31611033e273","Jamaa Mission Hospital",12984,"Nairobi","None","Makadara","Harambee",36.87333,-1.28186
"8e35361a-f781-4522-a6a9-23e60e93af7d","Mathare 3A (EDARP)",13075,"Nairobi","None","Mathare","Mabatini",36.8476,-1.26038
"52dc7e8d-7989-42ed-afc4-feeac76748d3","Babadogo (EDARP)",12875,"Nairobi","None","Ruaraka","Babandogo",36.8864,-1.23916
"b5a1814f-e683-4621-8520-2d3731ef9039","Blue House Dispensary",12885,"Nairobi","None","Kamukunji","Eastleigh North",36.85339,-1.26632
"1aabb0a9-000e-412a-bb49-6f1826ef9433","Embakasi Health Centre",12935,"Nairobi","None","Embakasi East","Embakasi",36.91472,-1.30618
"40c3e167-6102-4a34-9a93-d7805b2a494a","Mathare North Health Centre",13077,"Nairobi","None","Ruaraka","Mathare North",36.86485,-1.25323
"6c75248d-911f-4329-b7ff-070ed07bd99c","Melchezedek Hospital",13086,"Nairobi","None","Dagoretti North","Kileleshwa",36.7554,-1.27974
"1bc12929-47b7-4ff8-8929-95c80fbb5a27","Woodley Clinic",13259,"Nairobi","None","Kibra","Woodley/Kenyatta Golf Course",36.78442,-1.30227
"586e62f7-ba59-4100-a691-41d61163c51b","St.Scholastica Uzima Hospital",13246,"Nairobi","40176","Ruaraka","Utalii",36.85572,-1.2553
"ba991750-e2e9-40e2-a32b-bebfa6b83f59","Sunton CFW Clinic",18438,"Nairobi","None","Kasarani","Kasarani",36.92249,-1.23047
"6aa7beb8-f67a-4be1-9800-3b7037e09e98","Nairobi South Hospital",13112,"Nairobi","None","Langata","South C",36.8283,-1.31359
"6211a542-52de-4902-ba7d-1d08df396b63","Chandaria Health Centre",12893,"Nairobi","None","Dagoretti South","Uthiru/Ruthimitu",36.69119,-1.27396
"0b3d4b06-9f80-417d-98f3-3a95c67832ad","Family Care Medical Centre & Maternity",12942,"Nairobi","None","Langata","Nairobi West",36.81687,-1.31313
"ca2fedb5-2959-4c86-bf21-981695d1625f","Bodaki Medical Clinic",18805,"Nairobi","None","Dagoretti North","Gatina",36.7554966,-1.275338
"4558fd36-ddef-4633-8731-c5f4ac43da37","Avenue Hospital",12874,"Nairobi","None","Westlands","Parklands/Highridge",36.817897,-1.264508
"63dae1d5-4fe3-44c3-b983-c19780fe1c2a","Dr.P.W.Kamau&Associates(Upper Hill Medical Centre)",20396,"Nairobi","None","Dagoretti North","Kilimani",36.80651,-1.29472
"26883859-2b22-4aba-8b76-af024552adb1","Emerging Infectious Disease Center",21215,"Nairobi","None","Westlands","Parklands/Highridge",36.811814,-1.26343
"be9e71c4-f26d-4447-ad3d-ff213b182aba","Fatima Maternity Hospital",14494,"Kajiado","None","Kajiado North","Nkaimurunya",36.7445,-1.39545
"d5ce1227-f6b4-47ab-b266-31885dd5e0ce","Hope Medical Clinic ( Githurai)",19278,"Nairobi","None","Roysambu","Githurai",36.90362,-1.19973
"45076243-4fe2-4343-a821-4fe093e8a214","Illasit Medical Clinic",14567,"Kajiado","None","Loitokitok","Rombo",37.57027,-2.95799
"7cd04eba-ac3c-4319-96e7-cd6e387177f7","Kajiado (AIC) Dispensary",14650,"Kajiado","None","Kajiado Central","Dalalekutuk",36.80599,-1.83119
"00eba192-ec23-40c0-8c5f-d8e4cd4d9e48","Karen Health Centre",13003,"Nairobi","None","Langata","Karen",36.70595,-1.32092
"be6052a6-1f3c-4dd1-a599-0a36b73a4d28","Kimana Health Centre",14868,"Kajiado","None","Loitokitok","Kimana",37.53042,-2.8145
"af4f7a76-ba31-48b8-88ac-1ccb9ecf66f2","Kitengela sub-county hospital",14950,"Kajiado","None","Kajiado East","Oloosirkon/Sholinke",36.95439,-1.47036
"e10f2689-2cbd-4e14-9c92-7c44d5d26580","Soweto Kayole PHC Health Centre",13017,"Nairobi","None","Embakasi East","Lower Savannah",0,0
"332f3a64-874e-4dfe-b362-cfd885114bd6","Matasia Nursing Home",15153,"Kajiado","None","Kajiado North","Olkeri",36.6553,-1.38423
"2f425ddf-6074-4be6-bd27-6ae89597fd61","Meridian Medical Donholm Clinic",17727,"Nairobi","None","Embakasi East","Upper Savannah",36.888,-1.30175
"f49ac8e5-b49f-4cc0-afec-a19779c3b452","Ngong Sub-County Hospital",15351,"Kajiado","None","Kajiado North","Ngong",36.65417,-1.36519
"ef5afc5d-ab14-402f-ae13-006babc91f0b","Oltepesi Dispensary",15434,"Kajiado","None","Kajiado West","Keekonyokie",36.738,-1.46806
"0e5c137b-a4d8-4280-a16b-cd442c680588","Reinha Rosary Medical Clinic (Githunguri)",18668,"Machakos","None","Athi River","Muthwani",0,0
"c757b080-8785-41d0-9ec1-b6d44b3ba59f","Kariobangi Health Centre",13006,"Nairobi","None","Embakasi North","Kariobangi North",36.87978,-1.25174
"77450f78-bd96-41b1-950e-0411120ab30c","St Therese Dispensary",15667,"Kajiado","None","Kajiado East","Kitengela",36.95978,-1.47944
"819717b4-7d46-409e-9231-996ae9f50214","National Youth Service Hq Dispensary (Ruaraka)",13130,"Nairobi","None","Ruaraka","Utalii",36.86927,-1.25128
"a5d3adb7-20ab-41d9-b056-0aaa4ffee344","Kivuli Dispensary",13036,"Nairobi","None","Dagoretti South","Riruta",36.72736,-1.29052
"1446ae94-2d81-4ca1-9973-8042fba26794","AAR Clinic Sarit Centre (Westlands)",16796,"Nairobi","None","Westlands","Parklands/Highridge",36.80211,-1.2617
"f424cdeb-0da6-46c5-9fba-877db91a5788","Columbia Africa Health Care Ltd",22146,"Nairobi","006182","Westlands","Parklands/Highridge",36.823945,-1.254613
"f1692aea-a50f-43ce-9cc2-7f265b8e1afd","Maria Maternity and Nursing Home",13063,"Nairobi","None","Embakasi Central","Kayole South",36.9211,-1.26843
"97ffd145-e9d3-4f94-9ded-6865ff38b8e1","Pangani Dispensary",13138,"Nairobi","None","Starehe","Pangani",36.83815,-1.26741
"7e12c956-7f25-46ca-a20c-8df3861f1485","South B Police Band Dispensary",13144,"Nairobi","None","Starehe","Nairobi South",36.83465,-1.31512
"a0060431-328b-4a84-a69a-532d5e76f9bb","Kangemi Health Centre",13001,"Nairobi","None","Westlands","Kangemi",36.7492,-1.2671
"4e6ef381-1bcd-4877-b637-e55e428c6902","Biafra Medical Clinic",12884,"Nairobi","None","Kamukunji","Eastleigh South",36.849544,-1.286837
"9fecfaa8-baaa-4b14-abbc-5eb7ab77dbdd","Church Army Medical Clinic",18795,"Nairobi","None","Makadara","Maringo/Hamza",36.85477,-1.2946
"b5f2b221-3132-4c8b-a238-7cf5cf699bb1","St Bridget's Mother & Child",13199,"Nairobi","None","Starehe","Ziwani/Kariokor",36.83993,-1.27868
"76c864b5-bc63-4354-978a-46cc0c214d95","Shauri Moyo Clinic",13184,"Nairobi","None","Kamukunji","Pumwani",36.84841,-1.29047
"c4331a30-0a70-42c4-84ad-5f6811b51071","AAR Gwh Health Care Ltd",19958,"Nairobi","None","Dagoretti North","Kilimani",0,0
"2b0d0a20-2f65-469e-b3a8-3c51c19f344e","St Clare Medical Clinic",18465,"Nairobi","None","Embakasi South","Pipeline",36.8876,-1.30929
"41fa03c8-0208-4d04-8278-ab2522bfec65","St Joseph's Dispensary (Dagoretti)",13210,"Nairobi","None","Dagoretti South","Ngando",36.74152,-1.30268
"14f8a9e9-d7b4-49f9-b46b-a1086ae880a9","Umoja Hospital",13241,"Nairobi","None","Embakasi West","Umoja I",36.8912,-1.28031
"5fc7d1dc-46af-4f83-9e21-43a2f5b61d95","Rays International Clinic Kariobangi",17998,"Nairobi","None","Embakasi West","Kariobangi South",36.88161,-1.26584
"eb78c276-a330-4675-a8f8-bf1fde631ef9","Nairobi East Hospital Ltd",20264,"Nairobi","None","Kamukunji","California",36.8478,-1.27978
"0e637c34-3661-4a4c-9f44-f4d8ea130696","St Begson Clinic",13198,"Nairobi","None","Embakasi Central","Kayole South",36.9150224,-1.2842729
"c20ac1ba-944f-487e-9f7d-f1c37449934b","Mama Lucy Kibaki Hospital - Embakasi",17411,"Nairobi","None","Embakasi West","Umoja II",36.89843,-1.27416
"2eb393b9-59c4-4b07-829a-4e5c5aed2323","St. Odilia's Dispensary",13221,"Nairobi","None","Langata","Karen",36.6911,-1.31064
"1d498654-c8e3-4cd5-81e3-73e116c304f0","Kayole I Health Centre",13015,"Nairobi","None","Embakasi Central","Kayole North",36.9187,-1.26407
"e2dd0863-77e2-432d-baa2-247c81c581c7","Buruburu Medical Clinic",12888,"Nairobi","None","Makadara","Harambee",0,0
"97ed6213-6245-41a1-b1e9-91ad002f536f","Adventist Centre For Care and Support (Kilimani)",18535,"Nairobi","None","Dagoretti North","Kilimani",36.80751,-1.28899
"166534fd-a710-48fe-ba31-d70718e4a7ab","Aga Khan Hospital",12867,"Nairobi","None","Westlands","Parklands/Highridge",36.817897,-1.262231
"a13b0bc6-7790-4fea-bc57-7c38d8522703","Ajam Mission Health Centre",18398,"Kajiado","None","Kajiado West","Keekonyokie",36.69003,-1.44125
"11630273-bfa6-448f-9a69-bacf2be1fd35","Beacon of Hope Clinic (Ongata Rongai)",16667,"Kajiado","None","Kajiado North","Nkaimurunya",36.76284,-1.39401
"98beb680-7404-4b60-90d7-0b7e15cfc3ca","Amurt Health Centre",12870,"Nairobi","None","Westlands","Mountain View",36.73778,-1.2658
"e94861ea-9a8a-4eb2-b7d3-6c1345c61faf","Care Hospital",12865,"Nairobi","003862","Kamukunji","California",36.8444545,-1.2805605
"db0132ae-bfa5-467d-b905-0817dcfe31a2","Bahati Health Centre",12879,"Nairobi","None","Makadara","Maringo/Hamza",36.86299,-1.28891
